{
	"type": "minecraft:spline",
	"spline": { "coordinate": "eldor:temperature", "points":
		[{
		"location": -0.6,
		"derivative": 0.0,
		"value": 0.7
		},{
		"location": -0.5,
		"derivative": 0.0,
		"value": 0.75
		},{
		"location": -0.4,
		"derivative": 0.0,
		"value": 0.25
		},{
		"location": -0.3,
		"derivative": 0.0,
		"value": 0.3
		},{
		"location": -0.2,
		"derivative": 0.0,
		"value": 0.25
		},{
		"location": -0.1,
		"derivative": 0.0,
		"value": 0.75
		},{
		"location": 0.025,
		"derivative": 0.0,
		"value": 0.7
		},{
		"location": 0.15,
		"derivative": 0.0,
		"value": 0.75
		},{
		"location": 0.25,
		"derivative": 0.0,
		"value": 0.25
		},{
		"location": 0.375,
		"derivative": 0.0,
		"value": 0.3
		},{
		"location": 0.5,
		"derivative": 0.0,
		"value": 0.25
		},{
		"location": 0.6,
		"derivative": 0.0,
		"value": 0.75
		},{
		"location": 0.7,
		"derivative": 0.0,
		"value": 0.7
		}]
	}
}