{
	"type": "minecraft:min",
	"argument1": {
		"type": "minecraft:spline",
		"spline": { "coordinate": "eldor:continents", "points":
			[{
			"location": 0.0,
			"derivative": 20.0,
			"value": -1.3
			},{
			"location": 0.025,
			"derivative": 10.0,
			"value": -1.0
			},{
			"location": 0.18,
			"derivative": 4.0,
			"value": -0.4
			},{
			"location": 0.25,
			"derivative": 8.0,
			"value": -0.15
			},{
			"location": 0.3,
			"derivative": 0.75,
			"value": 0.1
			},{
			"location": 1.5,
			"derivative": 0.75,
			"value": 1.0
			}]
		}
	},
	"argument2": {
		"type": "minecraft:add",
		"argument1": 0.3,
		"argument2": {
			"type": "minecraft:mul",
			"argument1": 2.0,
			"argument2": {
				"type": "minecraft:abs",
				"argument": "eldor:weird_base"
			}
		}
	}
}