{
	"type": "minecraft:max",
	"argument1": {
		"type": "minecraft:min",
		"argument1": {
			"type": "minecraft:spline",
				"spline": { "coordinate": "eldor:erosion/swamps", "points":
				[{
				"location": 0.0,
				"derivative": 0.0,
				"value": 0.0
				},{
				"location": 0.15,
				"derivative": 0.0,
				"value": 0.1
				},{
				"location": 0.25,
				"derivative": 0.0,
				"value": 0.3
				},{
				"location": 0.4,
				"derivative": 0.0,
				"value": 0.5
				},{
				"location": 0.45,
				"derivative": 0.0,
				"value": 0.5
				},{
				"location": 0.55,
				"derivative": 0.0,
				"value": 0.65
				},{
				"location": 0.9,
				"derivative": 0.0,
				"value": 0.9
				}]
			}
		},
		"argument2": {
			"type": "minecraft:add",
			"argument1": {
				"type": "minecraft:clamp",
				"min": 0.0,
				"max": 0.2,
				"input": {
					"type": "minecraft:add",
					"argument1": -0.55,
					"argument2": "eldor:temperature"
				}
			},
			"argument2": {
				"type": "minecraft:quarter_negative",
				"argument": {
					"type": "minecraft:add",
					"argument1": {
						"type": "minecraft:mul",
						"argument1": "eldor:erosion/climate_change",
						"argument2": {
							"type": "minecraft:spline",
							"spline": { "coordinate": "eldor:erosion/mountains_even", "points":
								[{
								"location": 0.03,
								"derivative": 0.0,
								"value": -3.2
								},{
								"location": 0.12,
								"derivative": 0.0,
								"value": -2.0
								},{
								"location": 0.18,
								"derivative": 0.0,
								"value": -0.9
								},{
								"location": 0.3,
								"derivative": 0.0,
								"value": 0.3
								},{
								"location": 0.4,
								"derivative": 0.0,
								"value": 0.9
								},{
								"location": 0.7,
								"derivative": 0.0,
								"value": 0.7
								},{
								"location": 0.8,
								"derivative": 0.0,
								"value": 0.1
								},{
								"location": 0.9,
								"derivative": 0.0,
								"value": -1.2
								},{
								"location": 1.2,
								"derivative": 0.0,
								"value": -6.0
								}]
							}
						}
					},
					"argument2": {
						"type": "minecraft:mul",
						"argument1": {
							"type": "minecraft:add",
							"argument1": 1.0,
							"argument2": {
								"type": "minecraft:mul",
								"argument1": -1.0,
								"argument2": "eldor:erosion/climate_change"
							}
						},
						"argument2": {
							"type": "minecraft:spline",
							"spline": { "coordinate": "eldor:erosion/mountains_odd", "points":
								[{
								"location": 0.03,
								"derivative": 0.0,
								"value": -3.2
								},{
								"location": 0.12,
								"derivative": 0.0,
								"value": -2.0
								},{
								"location": 0.18,
								"derivative": 0.0,
								"value": -0.9
								},{
								"location": 0.3,
								"derivative": 0.0,
								"value": 0.3
								},{
								"location": 0.4,
								"derivative": 0.0,
								"value": 0.9
								},{
								"location": 0.8,
								"derivative": 0.0,
								"value": 0.7
								},{
								"location": 0.9,
								"derivative": 0.0,
								"value": 0.1
								},{
								"location": 1.0,
								"derivative": 0.0,
								"value": -1.2
								},{
								"location": 1.2,
								"derivative": 0.0,
								"value": -6.0
								}]
							}
						}
					}
				}
			}
		}
	},
	"argument2": {
		"type": "minecraft:add",
		"argument1": -0.3,
		"argument2": {
			"type": "minecraft:mul",
			"argument1": -2.0,
			"argument2": {
				"type": "minecraft:abs",
				"argument": "eldor:weird_base"
			}
		}
	}
}