{
	"type": "minecraft:mul",
	"argument1": {
		"type": "minecraft:clamp",
		"min": -1.0,
		"max": 1.0,
		"input": {
			"type": "minecraft:mul",
			"argument1": -62.831853,
			"argument2": "eldor:weird_base"
		}
	},
	"argument2": {
		"type": "minecraft:min",
		"argument1": {
			"type": "minecraft:abs",
			"argument": "eldor:weird_base"
		},
		"argument2": {
			"type": "minecraft:add",
			"argument1": 0.166666,
			"argument2": {
				"type": "minecraft:abs",
				"argument": {
					"type": "minecraft:add",
					"argument1": -0.5,
					"argument2": {
						"type": "minecraft:abs",
						"argument": {
							"type": "minecraft:add",
							"argument1": -0.5,
							"argument2": {
								"type": "minecraft:abs",
								"argument": {
									"type": "minecraft:min",
									"argument1": {
										"type": "minecraft:abs",
										"argument": {
											"type": "minecraft:add",
											"argument1": "eldor:ridge/u",
											"argument2": {
												"type": "minecraft:mul",
												"argument1": -1.0,
												"argument2": "eldor:ridge/v"
											}
										}
									},
									"argument2": {
										"type": "minecraft:add",
										"argument1": {
											"type": "minecraft:mul",
											"argument1": -1.0,
											"argument2": "eldor:ridge/w"
										},
										"argument2": {
											"type": "minecraft:max",
											"argument1": "eldor:ridge/u",
											"argument2": "eldor:ridge/v"
										}
									}
								}
							}
						}
					}
				}
			}
		}
	}
}