{
	"type": "minecraft:cache_once",
	"argument": {
		"type": "minecraft:min",
		"argument1": {
			"type": "minecraft:abs",
			"argument": {
				"type": "minecraft:add",
				"argument1": "eldor:ridge/x",
				"argument2": {
					"type": "minecraft:mul",
					"argument1": -1.0,
					"argument2": "eldor:ridge/y"
				}
			}
		},
		"argument2": {
			"type": "minecraft:add",
			"argument1": {
				"type": "minecraft:mul",
				"argument1": -1.0,
				"argument2": "eldor:ridge/z"
			},
			"argument2": {
				"type": "minecraft:max",
				"argument1": "eldor:ridge/x",
				"argument2": "eldor:ridge/y"
			}
		}
	}
}