{
  "type": "minecraft:max",
  "argument1": {
    "type": "minecraft:spline",
    "spline": {
      "coordinate": {
        "type": "minecraft:abs",
        "argument": {
          "type": "minecraft:shifted_noise",
          "noise": "minecraft:erosion",
          "xz_scale": 0.5,
          "y_scale": 0,
          "shift_x": "minecraft:shift_x",
          "shift_y": 0,
          "shift_z": "minecraft:shift_z"
        }
      },
      "points": [
        {
          "location": -1,
          "derivative": 0,
          "value": -4
        },
        {
          "location": 1,
          "derivative": 0,
          "value": 1
        }
      ]
    }
  },
  "argument2": {
    "type": "minecraft:max",
    "argument1": {
      "type": "minecraft:spline",
      "spline": {
        "coordinate": {
          "type": "minecraft:spline",
          "spline": {
            "coordinate": "minecraft:overworld/ridges",
            "points": [
              {
                "location": -1,
                "derivative": 0,
                "value": -10
              },
              {
                "location": -0.15,
                "derivative": 0,
                "value": -0.3
              },
              {
                "location": 0.15,
                "derivative": 0,
                "value": -0.3
              },
              {
                "location": 1,
                "derivative": 0,
                "value": -10
              }
            ]
          }
        },
        "points": [
          {
            "location": -10,
            "derivative": 0,
            "value": -10
          },
          {
            "location": -1,
            "derivative": 0,
            "value": -1
          },
          {
            "location": -0.5,
            "derivative": 0,
            "value": -0.8
          },
          {
            "location": -0.30001,
            "derivative": 0,
            "value": -0.75
          },
          {
            "location": -0.3,
            "derivative": 0,
            "value": -0.3
          },
          {
            "location": 0,
            "derivative": 0,
            "value": 0
          }
        ]
      }
    },
    "argument2": {
      "type": "minecraft:min",
      "argument1": {
        "type": "minecraft:spline",
        "spline": {
          "coordinate": "minecraft:overworld/continents",
          "points": [
            {
              "location": 0,
              "derivative": 0,
              "value": 0
            },
            {
              "location": 0.1,
              "derivative": 0,
              "value": -0.5
            },
            {
              "location": 0.2,
              "derivative": 0,
              "value": -4
            },
            {
              "location": 1,
              "derivative": 0,
              "value": -10
            }
          ]
        }
      },
      "argument2": {
        "type": "minecraft:spline",
        "spline": {
          "coordinate": {
        "type": "minecraft:noise",
        "noise": "minecraft:ocean_cliff",
        "xz_scale": 1,
        "y_scale": 0
          },
          "points": [
            {
              "location": -1,
              "derivative": 0,
              "value": -3
            },
            {
              "location": 1,
              "derivative": 0,
              "value": 1
            }
          ]
        }
      }
    }
  }
}
