{
  "type": "minecraft:tree",
  "config": {
    "decorators": [
      {
        "type": "minecraft:attached_to_leaves",
        "probability": 0.14,
        "exclusion_radius_xz": 1,
        "exclusion_radius_y": 0,
        "required_empty_blocks": 2,
        "block_provider": {
          "type": "minecraft:randomized_int_state_provider",
          "property": "age",
          "values": {
            "type": "minecraft:uniform",
            "value": {
              "min_inclusive": 0,
              "max_inclusive": 4
            }
          },
          "source": {
            "type": "minecraft:simple_state_provider",
            "state": {
              "Name": "minecraft:cave_vines",
              "Properties": {
                "age": "0",
                "hanging": "true",
                "stage": "0",
                "waterlogged": "false"
              }
            }
          }
        },
        "directions": [
          "down"
        ]
      },
      {
        "type": "minecraft:beehive",
        "probability": 0.01
      }
    ],
    "dirt_provider": {
      "type": "minecraft:simple_state_provider",
      "state": {
        "Name": "minecraft:dirt"
      }
    },
    "foliage_placer": {
      "type": "minecraft:cherry_foliage_placer",
      "corner_hole_chance": 1,
      "hanging_leaves_chance": 0.4,
      "hanging_leaves_extension_chance": 0.1,
      "height": 4,
      "offset": 2,
      "radius": 4,
      "wide_bottom_layer_hole_chance": 0.25
    },
    "foliage_provider": {
      "type": "minecraft:weighted_state_provider",
      "entries": [
        {
          "weight": 5,
          "data": {
            "Name": "minecraft:azalea_leaves",
            "Properties": {
              "persistent": "false",
              "distance": "7"
            }
          }
        },
        {
          "weight": 1,
          "data": {
            "Name": "minecraft:flowering_azalea_leaves",
            "Properties": {
              "persistent": "false",
              "distance": "7"
            }
          }
        }
      ]
    },
    "force_dirt": false,
    "ignore_vines": true,
    "minimum_size": {
      "type": "minecraft:two_layers_feature_size",
      "limit": 0,
      "lower_size": 0,
      "upper_size": 0
    },
    "sapling_provider": {
      "type": "minecraft:simple_state_provider",
      "state": {
        "Name": "minecraft:azalea_sapling",
        "Properties": {
          "stage": "0"
        }
      }
    },
    "trunk_placer": {
      "type": "minecraft:fancy_trunk_placer",
      "base_height": 10,
      "height_rand_a": 2,
      "height_rand_b": 4
    },
    "trunk_provider": {
      "type": "minecraft:simple_state_provider",
      "state": {
        "Name": "minecraft:oak_log",
        "Properties": {
          "axis": "y"
        }
      }
    }
  }
}
