{
  "type": "minecraft:flower",
  "config": {
    "feature": {
      "feature": {
        "type": "minecraft:simple_block",
        "config": {
          "to_place": {
            "type": "minecraft:weighted_state_provider",
            "entries": [
              {
                "data": {
                  "Name": "minecraft:short_grass"
                },
                "weight": 90
              },
              {
                "data": {
                  "Name": "minecraft:grass"
                },
                "weight": 90
              },
              {
                "data": {
                  "Name": "minecraft:blue_orchid"
                },
                "weight": 1
              },
              {
                 "data": {
                   "Name": "minecraft:tall_grass"
                 },
                 "weight": 1
              },
              {
                 "data": {
                   "Name": "minecraft:dead_bush"
                 },
                 "weight": 1
              },
              {
                 "data": {
                   "Name": "minecraft:spruce_sapling"
                 },
                 "weight": 1
              },
              {
                 "data": {
                   "Name": "minecraft:fern"
                 },
                 "weight": 1
              },
              {
                 "data": {
                   "Name": "minecraft:red_mushroom"
                 },
                 "weight": 3
              },
              {
                 "data": {
                   "Name": "minecraft:brown_mushroom"
                 },
                 "weight": 3
              },
              {
                 "data": {
                   "Name": "minecraft:large_fern"
                 },
                 "weight": 1
              },
              {
                 "data": {
                   "Name": "minecraft:glow_lichen"
                 },
                 "weight": 1
              }
            ]
          }
        }
      },
      "placement": [
        {
          "type": "minecraft:block_predicate_filter",
          "predicate": {
            "type": "minecraft:matching_blocks",
            "blocks": "minecraft:air"
          }
        }
      ]
    },
    "tries": 90,
    "xz_spread": 16,
    "y_spread": 2
  }
}